Elem,Unit,point,Multi,Year,Month,Day,1,2,3,4,5,6,7,8,9,10,11,12,13,14,15,16,17,18,19,20,21,22,23,24,,êŒéÎêÏ
WL,m,s752,0,2014,1,1,34.71,34.72,34.72,34.73,34.73,34.74,34.72,34.73,34.76,34.76,34.75,34.73,34.73,34.73,34.71,34.72,34.74,34.72,34.74,34.73,34.73,34.73,34.72,34.73,36.31,ñ]åéä¶êÏ
WL,m,s752,0,2014,1,2,34.73,34.73,34.73,34.72,34.72,34.72,34.71,34.72,34.71,34.72,34.75,34.75,34.75,34.74,34.74,34.73,34.74,34.72,34.73,34.73,34.73,34.75,34.74,34.74,35.86,ñ]åéä¶êÏ
WL,m,s752,0,2014,1,3,34.74,34.74,34.74,34.74,34.74,34.74,34.73,34.74,34.74,34.75,34.77,34.76,34.77,34.76,34.76,34.75,34.73,34.73,34.72,34.72,34.72,34.72,34.72,34.71,35.73,ñkäCìπéDñyésñLïΩãÊî¸âÄ11è8íöñ⁄åéä¶åˆâÄì‡âÕêÏï~
WL,m,s752,0,2014,1,4,34.71,34.7,34.7,34.71,34.71,34.71,34.7,34.7,34.72,34.72,34.72,34.73,34.74,34.76,34.76,34.74,34.68,34.74,34.84,34.71,34.76,34.72,34.74,34.76,35.27,
WL,m,s752,0,2014,1,5,34.76,34.72,34.72,34.72,34.74,34.77,34.76,34.77,34.74,34.74,34.75,34.74,34.75,34.73,34.74,34.74,34.73,34.72,34.72,34.71,34.72,34.7,34.71,34.72,,
WL,m,s752,0,2014,1,6,34.72,34.73,34.72,34.72,34.72,34.72,34.72,34.72,34.72,34.73,34.73,34.73,34.73,34.74,34.73,34.74,34.74,34.74,34.73,34.74,34.73,34.73,34.74,34.74,,
WL,m,s752,0,2014,1,7,34.74,34.74,34.74,34.74,34.72,34.72,34.72,34.73,34.74,34.76,--,34.75,34.75,34.75,34.75,34.75,34.72,34.71,34.71,34.71,34.71,34.71,--,--,,
WL,m,s752,0,2014,1,8,--,34.73,34.73,34.72,34.72,34.73,34.73,34.74,34.74,--,34.76,34.75,34.74,34.73,34.72,34.72,34.72,34.73,--,--,34.71,--,--,34.7,,
WL,m,s752,0,2014,1,9,34.7,34.69,34.69,34.69,--,34.7,34.7,34.7,--,34.71,34.72,--,34.72,34.72,--,34.69,34.69,34.7,--,34.7,--,34.71,34.72,34.71,,
WL,m,s752,0,2014,1,10,34.69,34.71,--,34.72,34.7,34.72,34.71,34.7,--,--,34.71,34.73,--,34.71,--,34.72,--,34.71,--,34.72,34.74,--,--,34.72,,
WL,m,s752,0,2014,1,11,34.72,34.72,--,--,34.72,--,--,--,--,--,--,--,--,34.74,34.74,--,34.73,--,--,34.75,--,--,--,--,,
WL,m,s752,0,2014,1,12,34.74,34.74,34.74,34.74,34.74,34.74,34.74,34.74,34.74,34.74,34.74,34.74,34.75,34.74,34.74,34.74,34.74,34.74,34.75,34.74,34.72,34.73,34.73,34.74,,
WL,m,s752,0,2014,1,13,34.74,34.74,34.73,34.74,34.74,34.74,34.72,34.73,34.72,34.72,34.73,34.72,34.73,34.73,--,34.73,34.73,34.72,34.71,34.71,34.71,--,34.71,34.72,,
WL,m,s752,0,2014,1,14,--,34.71,34.72,--,34.73,34.72,34.73,34.73,34.73,--,--,--,--,--,--,--,--,34.73,--,34.72,34.72,--,--,--,,
WL,m,s752,0,2014,1,15,--,--,34.72,--,--,--,--,--,--,--,--,34.74,34.74,34.74,34.73,34.73,34.73,--,34.73,34.72,34.71,34.72,34.73,34.72,,
WL,m,s752,0,2014,1,16,34.72,34.72,34.72,34.72,34.72,34.72,34.71,34.72,34.73,--,--,--,34.74,34.74,34.73,34.73,34.73,34.73,34.72,34.72,34.72,34.72,34.72,34.72,,
WL,m,s752,0,2014,1,17,34.73,34.73,34.72,34.71,34.7,34.71,34.71,34.7,34.72,--,--,--,--,--,--,--,34.73,34.74,34.73,34.73,34.72,34.71,34.71,34.72,,
WL,m,s752,0,2014,1,18,34.72,34.72,34.71,34.75,34.76,34.75,34.76,34.74,34.73,34.73,34.74,34.74,34.74,34.73,34.74,34.73,34.73,34.73,34.73,34.73,34.73,34.73,34.73,34.73,,
WL,m,s752,0,2014,1,19,34.73,34.73,34.73,34.73,34.73,34.73,34.73,34.73,34.74,34.74,34.74,34.74,34.74,34.74,34.74,34.73,34.73,34.73,34.74,34.73,34.73,34.73,34.73,34.73,,
WL,m,s752,0,2014,1,20,34.73,34.73,34.73,34.72,34.73,34.73,34.73,34.73,34.73,34.73,34.74,34.75,34.74,34.74,34.74,34.74,--,34.72,34.72,34.72,34.72,34.72,34.72,34.72,,
WL,m,s752,0,2014,1,21,34.73,34.73,34.73,34.73,34.73,34.73,34.73,34.73,34.73,34.74,34.75,34.74,34.74,34.74,34.74,34.74,34.74,34.74,34.73,34.74,34.72,34.73,34.72,34.73,,
WL,m,s752,0,2014,1,22,34.73,34.73,34.73,34.73,34.73,34.73,34.73,34.74,34.73,34.74,34.74,34.74,34.74,34.74,34.74,34.73,34.73,34.74,34.73,34.73,34.73,34.72,34.72,34.72,,
WL,m,s752,0,2014,1,23,34.73,34.72,34.71,34.73,34.72,34.72,34.72,34.72,34.72,34.72,34.73,34.74,34.74,34.73,34.73,34.73,34.72,34.72,34.72,34.72,34.71,34.72,34.72,34.72,,
WL,m,s752,0,2014,1,24,34.72,34.72,34.72,34.73,34.73,34.73,34.73,34.74,34.74,34.74,34.74,34.74,34.74,34.74,34.74,34.74,34.74,34.74,34.77,34.75,34.74,34.73,34.73,34.73,,
WL,m,s752,0,2014,1,25,34.73,--,--,--,--,--,--,--,--,--,--,34.76,34.75,34.76,34.75,34.74,34.74,34.73,34.74,34.73,34.72,34.72,34.72,34.73,,
WL,m,s752,0,2014,1,26,34.72,34.72,34.72,34.72,34.72,34.72,34.72,34.73,34.73,34.73,34.73,34.73,34.72,34.72,34.72,34.71,34.71,34.71,34.71,34.72,34.72,34.7,34.71,34.69,,
WL,m,s752,0,2014,1,27,34.69,34.73,34.7,34.7,34.71,34.71,34.72,34.71,34.7,34.71,34.72,34.72,34.73,34.72,34.73,34.72,34.71,34.72,34.7,34.7,34.71,34.72,34.73,34.72,,
WL,m,s752,0,2014,1,28,34.74,34.72,34.72,34.73,34.73,34.73,34.73,34.73,34.73,34.74,34.74,34.74,34.74,34.73,34.73,34.73,34.72,34.72,34.72,34.72,34.71,34.71,34.7,34.7,,
WL,m,s752,0,2014,1,29,34.7,34.71,34.7,34.7,34.71,34.72,34.72,34.7,34.7,34.72,34.72,34.72,34.72,34.71,34.72,34.72,34.72,34.72,34.72,34.7,34.7,34.71,34.72,34.72,,
WL,m,s752,0,2014,1,30,34.72,34.73,34.73,34.73,34.74,34.74,34.73,34.74,34.73,34.73,34.74,34.74,34.74,34.71,34.72,34.72,34.74,34.74,34.74,34.74,34.74,34.73,34.73,34.73,,
WL,m,s752,0,2014,1,31,34.73,34.73,34.73,34.73,34.73,34.73,34.72,34.72,34.72,34.72,34.73,34.72,34.7,34.72,--,34.74,34.71,34.71,34.71,34.71,34.71,34.72,34.72,34.7,,
WL,m,s752,0,2014,2,1,34.7,34.72,34.72,34.7,34.72,34.72,34.72,34.72,34.73,34.72,34.71,34.72,34.72,34.71,34.71,34.71,34.71,34.71,34.72,34.72,34.71,34.72,34.71,34.7,,
WL,m,s752,0,2014,2,2,34.7,34.72,34.72,34.72,34.71,34.71,34.71,34.72,34.72,34.73,34.73,34.73,34.73,34.73,34.73,34.75,34.73,34.73,34.73,34.74,34.73,34.73,34.73,34.73,,
WL,m,s752,0,2014,2,3,34.73,34.73,34.73,34.73,34.73,34.72,34.72,34.72,34.73,34.73,34.73,34.73,34.73,34.72,34.72,34.72,34.72,34.73,34.72,34.72,34.71,34.71,34.71,34.72,,
WL,m,s752,0,2014,2,4,34.72,34.71,34.71,34.7,34.69,34.7,34.71,34.71,34.71,34.73,34.71,34.71,34.71,34.71,34.71,34.72,34.72,34.72,34.72,34.71,34.7,34.71,34.7,34.71,,
WL,m,s752,0,2014,2,5,34.71,34.71,34.7,34.69,34.69,34.69,34.71,34.71,34.71,34.71,34.72,34.72,34.73,34.73,34.73,34.72,34.72,34.72,34.73,34.72,34.7,34.71,34.71,34.7,,
WL,m,s752,0,2014,2,6,34.69,34.7,34.71,34.72,34.72,34.72,34.72,34.72,34.73,34.73,34.73,34.71,--,34.73,34.71,34.71,34.72,34.72,34.7,34.7,34.7,34.71,34.72,34.71,,
WL,m,s752,0,2014,2,7,34.72,34.72,34.72,34.72,34.72,34.72,34.72,34.73,34.73,34.72,34.72,34.72,34.72,34.72,34.72,34.72,34.72,34.72,34.73,34.73,34.71,34.71,34.72,34.71,,
WL,m,s752,0,2014,2,8,34.72,34.72,34.7,34.71,34.7,34.71,34.72,34.72,34.72,34.72,34.73,34.72,34.73,34.73,34.73,34.73,34.72,34.71,34.71,34.72,34.71,34.72,34.72,34.71,,
WL,m,s752,0,2014,2,9,34.7,34.72,34.7,34.71,34.72,34.72,34.73,34.73,34.73,34.73,34.73,34.73,34.73,34.74,34.74,34.74,34.73,34.73,34.73,34.72,34.72,34.73,34.73,34.73,,
WL,m,s752,0,2014,2,10,34.73,34.73,34.73,34.73,34.73,34.73,34.73,34.74,34.73,34.74,34.75,34.76,34.75,34.74,--,34.73,34.73,34.73,34.73,34.73,34.73,34.73,34.72,34.72,,
WL,m,s752,0,2014,2,11,34.72,34.71,34.72,34.72,34.73,34.73,34.73,34.73,34.75,34.73,34.73,34.74,34.74,34.74,34.73,34.73,34.73,34.74,34.73,34.72,34.72,34.71,34.71,34.72,,
WL,m,s752,0,2014,2,12,34.73,34.72,34.71,34.7,34.71,34.72,34.72,34.72,34.73,34.74,34.74,34.74,34.74,34.74,34.74,34.73,34.73,34.73,34.73,34.72,34.73,34.73,34.74,34.73,,
WL,m,s752,0,2014,2,13,34.73,34.73,34.73,34.73,34.72,34.73,34.72,34.73,34.73,34.73,34.74,34.74,34.74,34.74,34.74,34.73,34.76,34.74,34.74,34.72,34.71,34.71,34.72,34.71,,
WL,m,s752,0,2014,2,14,34.71,34.71,34.7,34.7,34.72,34.72,34.72,34.72,34.72,34.73,34.73,34.73,34.74,34.74,34.73,--,34.72,34.72,34.71,34.71,34.7,34.71,34.72,34.7,,
WL,m,s752,0,2014,2,15,34.71,34.72,34.72,34.72,34.72,34.72,34.72,34.72,34.73,34.73,34.73,34.73,34.73,34.73,34.73,34.74,34.73,34.73,34.73,34.73,34.72,34.73,34.73,34.73,,
WL,m,s752,0,2014,2,16,34.73,34.73,34.74,34.74,34.74,34.73,34.73,34.73,34.74,34.74,34.75,34.75,34.74,34.75,34.75,34.75,34.76,34.75,34.75,34.73,34.73,34.72,34.72,34.72,,
WL,m,s752,0,2014,2,17,34.72,34.73,34.73,34.72,34.72,34.72,34.72,34.72,34.72,34.72,34.72,34.72,34.72,34.74,34.74,34.72,34.72,34.71,--,34.71,34.71,34.72,34.71,34.71,,
WL,m,s752,0,2014,2,18,34.71,34.72,34.71,34.71,34.71,34.71,34.71,34.72,34.72,34.72,34.72,34.72,34.73,34.72,34.72,34.72,34.72,34.72,34.71,34.72,34.72,34.72,34.73,34.72,,
WL,m,s752,0,2014,2,19,34.72,34.72,34.72,34.73,34.73,34.72,34.73,34.73,34.72,34.73,34.74,34.74,34.73,34.72,34.72,34.72,34.73,34.73,34.73,34.72,34.72,34.72,34.72,34.72,,
WL,m,s752,0,2014,2,20,34.73,34.72,34.72,34.72,34.72,34.72,34.71,34.71,34.72,34.73,34.73,34.73,34.72,34.72,34.72,34.72,34.72,34.71,34.71,34.72,34.7,34.72,34.72,34.71,,
WL,m,s752,0,2014,2,21,34.72,34.72,34.72,34.72,34.72,34.72,34.73,34.73,34.73,34.73,--,34.73,34.72,34.72,34.72,34.72,34.72,34.73,34.73,34.72,34.71,34.71,34.71,34.72,,
WL,m,s752,0,2014,2,22,34.72,34.72,34.72,34.72,34.72,34.7,34.7,34.71,34.72,34.72,34.72,34.72,34.73,34.73,34.73,34.72,34.71,34.71,34.72,34.72,34.72,34.71,34.72,34.72,,
WL,m,s752,0,2014,2,23,34.72,34.72,34.72,34.72,34.72,34.72,34.72,34.72,34.73,34.73,34.73,34.73,34.74,34.73,34.73,34.73,34.72,34.72,34.72,34.72,34.7,34.71,34.71,34.7,,
WL,m,s752,0,2014,2,24,34.7,34.71,34.71,34.71,34.7,34.7,34.72,34.72,34.72,34.73,34.73,34.76,34.74,--,34.73,34.73,34.71,34.71,34.72,34.72,34.7,34.71,34.71,34.7,,
WL,m,s752,0,2014,2,25,34.71,34.69,34.71,34.69,34.7,34.72,34.72,34.71,34.72,34.73,34.73,34.74,34.74,34.74,34.74,34.74,34.73,34.73,34.73,34.73,34.73,34.74,34.75,34.74,,
WL,m,s752,0,2014,2,26,34.75,34.74,34.73,34.73,34.72,34.72,34.72,34.72,34.73,34.74,34.75,34.74,34.75,34.75,34.74,34.74,34.73,34.73,34.73,34.73,34.73,34.73,34.72,34.73,,
WL,m,s752,0,2014,2,27,34.72,34.71,34.71,34.7,34.72,34.72,34.73,34.72,34.73,34.74,--,34.72,34.73,34.75,34.77,34.78,34.77,34.77,34.76,34.78,34.78,34.78,34.8,34.79,,
WL,m,s752,0,2014,2,28,34.77,34.78,34.76,34.76,34.76,34.75,34.75,34.74,34.75,34.77,34.75,34.76,34.76,34.77,34.76,34.74,34.73,34.73,34.73,34.73,34.73,34.73,34.72,34.73,,
WL,m,s752,0,2014,3,1,34.73,34.73,34.73,34.73,34.73,34.74,34.73,34.74,34.76,34.76,34.76,34.77,34.75,34.76,34.73,34.72,34.72,34.71,34.72,34.72,34.72,34.71,34.71,34.72,,
WL,m,s752,0,2014,3,2,34.71,34.7,34.72,34.72,34.72,34.72,34.72,34.72,34.72,34.72,34.72,34.73,34.73,34.73,34.73,34.72,34.7,34.72,34.71,34.7,34.71,34.72,34.72,34.72,,
WL,m,s752,0,2014,3,3,34.72,34.72,34.71,34.71,34.72,34.72,34.72,34.72,34.71,34.71,34.71,34.73,34.72,34.73,34.73,34.71,34.71,34.71,34.72,34.7,34.7,34.72,34.72,34.72,,
WL,m,s752,0,2014,3,4,34.73,34.71,34.72,34.71,34.7,34.71,34.71,34.72,34.72,34.72,34.72,34.71,34.73,34.72,34.73,--,--,34.73,34.73,34.73,34.7,34.7,34.71,34.72,,
WL,m,s752,0,2014,3,5,34.72,34.72,34.72,34.71,34.72,34.72,34.71,34.72,34.72,34.73,34.73,34.74,34.74,34.74,--,--,--,--,34.73,34.73,34.72,34.73,34.72,34.72,,
WL,m,s752,0,2014,3,6,34.72,34.71,34.72,34.72,34.71,34.71,34.69,34.7,34.71,34.72,34.72,34.72,34.71,34.71,34.7,34.71,34.71,34.71,34.71,34.69,34.71,34.7,34.7,34.7,,
WL,m,s752,0,2014,3,7,34.7,34.71,34.71,34.71,34.71,34.72,34.72,34.72,34.71,34.72,34.71,34.71,34.72,34.72,34.72,34.71,34.72,34.72,34.72,34.71,34.7,34.72,34.72,34.71,,
WL,m,s752,0,2014,3,8,34.72,34.71,34.72,34.7,34.72,34.72,34.72,34.72,34.72,34.73,34.73,34.73,34.73,34.73,34.73,34.73,34.72,34.73,34.73,34.73,34.72,34.72,34.73,34.72,,
WL,m,s752,0,2014,3,9,34.72,34.7,34.72,34.72,34.72,34.72,34.72,34.73,34.73,34.73,34.74,34.75,34.75,34.75,34.73,34.73,34.73,34.73,34.73,34.73,34.72,34.72,34.71,34.72,,
WL,m,s752,0,2014,3,10,34.72,34.71,34.72,34.73,34.72,34.73,34.73,34.73,34.73,--,34.73,34.73,34.73,34.74,34.73,34.72,34.73,34.72,34.72,34.73,34.72,34.72,34.71,34.72,,
WL,m,s752,0,2014,3,11,34.71,34.72,34.73,34.72,34.72,34.71,34.73,34.72,34.7,34.72,34.73,34.73,34.73,34.73,34.74,34.73,34.74,34.74,34.73,34.74,34.72,34.73,34.72,34.72,,
WL,m,s752,0,2014,3,12,34.73,34.71,34.7,34.72,34.72,34.72,34.72,34.73,34.72,34.74,34.74,34.74,34.75,34.74,34.75,34.75,34.74,34.74,34.74,34.73,34.73,34.73,34.74,34.73,,
WL,m,s752,0,2014,3,13,34.72,34.72,34.73,34.72,34.72,34.72,34.72,34.71,34.72,34.73,34.72,34.74,34.73,34.73,34.71,--,34.71,34.72,34.72,34.7,34.69,34.71,34.7,34.68,,
WL,m,s752,0,2014,3,14,34.68,34.68,34.68,34.68,34.68,34.67,34.68,34.68,34.7,34.7,34.71,34.71,34.73,34.73,34.72,34.73,34.74,34.73,34.73,34.73,34.71,34.72,34.72,34.71,,
WL,m,s752,0,2014,3,15,34.7,34.71,34.72,34.73,34.7,34.71,34.71,34.71,34.72,34.73,34.76,34.76,34.76,34.72,34.72,34.72,34.71,34.71,34.69,34.7,34.69,34.69,34.7,34.7,,
WL,m,s752,0,2014,3,16,34.71,34.69,34.7,34.7,34.7,34.71,34.71,34.71,34.72,34.73,34.76,34.75,34.75,34.73,34.72,34.7,34.7,34.7,34.71,34.69,34.7,34.69,34.69,34.69,,
WL,m,s752,0,2014,3,17,34.7,34.69,34.69,34.69,34.69,34.69,34.7,34.71,34.72,--,34.74,34.77,--,34.79,34.77,34.74,34.72,34.71,34.71,34.7,34.7,34.71,34.72,34.72,,
WL,m,s752,0,2014,3,18,34.72,34.72,34.73,34.73,34.74,34.75,34.75,34.75,34.75,34.75,34.73,34.72,34.75,34.73,34.73,34.73,34.73,--,34.73,34.72,34.72,34.71,34.72,34.72,,
WL,m,s752,0,2014,3,19,34.71,34.7,34.72,34.72,34.71,34.72,34.72,34.73,34.73,34.74,34.76,34.78,34.81,34.79,34.76,34.74,34.73,--,34.73,34.72,34.71,34.7,34.7,34.72,,
WL,m,s752,0,2014,3,20,34.71,34.71,34.7,34.7,34.7,34.72,34.73,34.72,34.75,34.76,34.78,34.79,34.8,34.76,34.75,34.73,34.72,34.72,34.73,34.72,34.71,34.71,34.7,34.7,,
WL,m,s752,0,2014,3,21,34.7,34.7,34.72,34.72,34.72,34.72,34.72,34.72,34.72,34.7,34.7,34.71,34.7,34.71,34.72,34.72,34.72,34.7,34.7,34.7,34.7,34.71,34.72,34.72,,
WL,m,s752,0,2014,3,22,34.7,34.72,34.71,34.7,34.71,34.73,34.72,34.74,34.74,34.76,34.74,34.74,34.76,34.76,34.74,34.74,34.72,34.72,34.73,34.71,34.69,34.72,34.73,34.73,,
WL,m,s752,0,2014,3,23,34.73,34.72,34.72,34.72,34.71,34.71,34.7,34.72,34.74,34.76,34.74,34.77,34.78,34.78,34.73,34.71,34.7,34.7,34.69,34.68,34.69,34.72,34.72,34.72,,
WL,m,s752,0,2014,3,24,34.72,34.71,34.69,34.69,34.69,34.69,34.72,34.73,34.74,34.7,34.75,34.78,34.82,34.81,34.77,34.74,34.74,34.69,34.75,34.76,34.78,34.78,34.77,34.76,,
WL,m,s752,0,2014,3,25,34.76,34.76,34.76,34.76,34.79,34.77,34.74,34.69,34.71,34.75,34.77,34.79,34.79,34.77,34.76,34.75,34.78,34.76,34.76,34.75,34.75,34.75,34.74,34.74,,
WL,m,s752,0,2014,3,26,34.74,34.74,34.74,34.73,34.73,34.73,34.73,34.71,34.7,34.75,34.79,34.81,34.82,34.82,34.79,34.76,34.75,34.78,34.78,34.77,34.77,34.77,34.77,34.77,,
WL,m,s752,0,2014,3,27,34.76,34.76,34.76,34.75,34.75,34.75,34.74,34.75,34.71,34.75,34.79,34.84,34.84,34.82,34.79,34.76,34.76,34.79,34.77,34.77,34.76,34.74,34.75,34.75,,
WL,m,s752,0,2014,3,28,34.75,34.75,34.75,34.75,34.75,34.75,34.75,34.76,34.77,34.8,34.78,34.79,34.79,34.76,34.8,34.78,34.75,34.74,34.74,34.75,34.77,34.78,34.81,34.8,,
WL,m,s752,0,2014,3,29,34.8,34.79,34.78,34.78,34.77,34.77,34.77,34.77,34.75,34.79,34.81,34.85,34.85,34.82,34.79,34.77,34.76,34.76,34.79,34.79,34.79,34.78,34.78,34.78,,
WL,m,s752,0,2014,3,30,34.78,34.77,34.77,34.77,34.77,34.77,34.77,34.77,34.8,34.79,34.8,34.8,34.79,34.8,34.8,34.79,34.76,34.75,34.76,34.75,34.75,34.76,34.76,34.77,,
WL,m,s752,0,2014,3,31,34.77,34.77,34.77,34.75,34.74,34.74,34.75,34.75,34.73,34.76,34.79,34.84,34.87,34.82,34.78,34.76,34.79,34.78,34.77,34.76,34.76,34.76,34.74,34.74,,
WL,m,s752,0,2014,4,1,34.76,34.76,34.76,34.74,34.73,34.74,34.75,34.75,34.72,34.75,34.77,34.8,34.83,34.82,34.77,34.75,34.78,34.77,34.75,--,34.73,34.73,34.73,34.72,,
WL,m,s752,0,2014,4,2,34.73,34.74,34.74,34.74,34.75,34.75,34.75,34.76,34.76,34.75,34.77,34.84,34.82,34.82,--,--,--,34.75,34.75,34.74,34.78,34.73,34.71,34.73,,
WL,m,s752,0,2014,4,3,34.73,34.73,34.73,34.74,34.74,34.77,34.76,34.71,34.74,34.79,34.81,34.86,34.83,34.81,34.78,34.76,34.77,34.75,34.75,34.8,34.79,34.79,34.78,34.78,,
WL,m,s752,0,2014,4,4,34.78,34.78,34.78,34.77,34.77,34.77,34.77,34.81,34.8,34.8,34.8,34.8,34.81,34.81,34.8,34.8,34.8,34.8,34.79,34.77,34.76,34.76,34.75,34.75,,
WL,m,s752,0,2014,4,5,34.75,34.74,34.74,34.74,34.75,34.74,34.75,34.75,34.75,34.74,34.77,34.83,34.81,34.79,34.81,34.79,34.76,34.75,34.75,34.75,34.75,34.74,34.74,34.74,,
WL,m,s752,0,2014,4,6,34.74,34.74,34.75,34.74,34.75,34.74,34.75,34.78,34.78,34.78,34.78,34.78,34.78,34.79,34.78,34.75,34.75,34.74,34.74,34.73,34.73,34.73,34.73,34.73,,
WL,m,s752,0,2014,4,7,34.73,34.73,34.73,34.72,34.72,34.72,34.73,34.72,34.72,34.74,34.76,34.81,34.82,34.8,34.77,34.75,34.74,34.74,34.75,34.75,34.75,34.75,34.74,34.73,,
WL,m,s752,0,2014,4,8,34.73,34.72,34.72,34.72,34.72,34.72,34.73,34.75,34.72,34.73,34.75,34.82,34.8,34.79,34.76,34.74,34.74,34.74,34.76,34.76,34.75,34.74,34.74,34.73,,
WL,m,s752,0,2014,4,9,34.73,34.73,34.73,34.74,34.72,34.73,34.74,34.73,34.73,34.75,34.76,34.77,34.76,34.82,--,34.78,34.76,34.76,34.76,34.75,34.75,34.75,34.74,34.74,,
WL,m,s752,0,2014,4,10,34.75,34.74,34.75,34.76,34.83,34.84,34.82,34.8,34.79,34.79,34.79,34.79,34.81,34.82,34.82,34.79,34.78,34.76,34.76,34.76,34.76,34.75,34.75,34.75,,
WL,m,s752,0,2014,4,11,34.75,34.75,34.74,34.74,34.75,34.77,34.77,34.77,--,34.75,34.79,34.76,34.76,34.76,34.74,34.77,34.75,34.74,34.76,34.74,34.74,34.74,34.73,34.73,,
WL,m,s752,0,2014,4,12,34.73,34.73,34.73,34.73,34.74,34.75,34.75,34.73,34.73,34.72,34.75,34.78,34.79,34.77,34.77,34.76,34.75,34.74,34.74,34.74,34.74,34.74,34.73,34.73,,
WL,m,s752,0,2014,4,13,34.74,34.74,34.74,34.73,34.74,34.74,34.74,34.74,34.75,34.73,34.74,34.77,34.79,34.78,34.76,34.74,34.74,34.74,34.76,34.76,34.76,34.75,34.74,34.73,,
WL,m,s752,0,2014,4,14,34.72,34.72,34.72,34.72,34.72,34.73,34.74,34.74,34.72,--,34.76,34.78,34.79,34.79,34.77,34.74,34.75,34.75,34.75,34.74,--,34.74,34.76,34.76,,
WL,m,s752,0,2014,4,15,34.75,34.75,34.74,34.74,34.73,34.74,34.75,34.72,34.75,34.77,34.79,34.79,--,34.75,34.75,34.74,34.75,34.74,34.74,34.74,34.74,34.74,34.74,34.74,,
WL,m,s752,0,2014,4,16,34.74,34.76,34.76,34.77,34.74,34.73,34.73,34.74,34.75,34.77,34.79,34.79,34.79,34.8,34.76,34.74,--,34.74,34.74,34.77,34.76,34.75,34.75,34.74,,
WL,m,s752,0,2014,4,17,34.73,34.73,34.73,34.73,34.73,34.73,34.74,34.72,34.73,34.76,34.77,34.77,34.79,34.77,34.79,34.75,34.73,34.73,34.73,34.76,34.76,34.75,34.75,34.74,,
WL,m,s752,0,2014,4,18,34.74,34.73,34.73,34.72,34.73,34.74,34.73,34.72,34.74,34.76,34.77,34.79,34.78,34.8,34.77,34.75,34.73,34.77,34.75,34.74,34.73,34.73,34.72,34.72,,
WL,m,s752,0,2014,4,19,34.72,34.72,34.72,34.72,34.72,34.73,34.74,34.75,34.75,34.74,34.75,34.78,34.78,34.78,34.74,34.72,34.72,34.75,34.73,34.72,34.71,34.71,34.71,34.71,,
WL,m,s752,0,2014,4,20,34.71,34.71,34.71,34.71,34.71,34.73,34.74,34.75,34.71,34.74,34.76,34.78,34.78,34.78,34.74,34.72,34.72,34.72,34.72,34.72,34.72,34.75,34.75,34.74,,
WL,m,s752,0,2014,4,21,34.74,34.73,34.73,34.73,34.73,34.74,34.75,34.71,34.74,--,34.78,34.78,--,34.79,34.74,34.72,34.72,34.72,34.72,34.72,34.72,34.72,34.71,34.71,,
WL,m,s752,0,2014,4,22,34.71,34.71,34.73,34.75,34.76,34.76,34.72,34.72,34.73,34.76,34.78,34.78,34.78,34.74,34.72,34.71,34.72,34.72,34.72,34.72,34.72,34.72,34.72,34.72,,
WL,m,s752,0,2014,4,23,34.71,34.75,34.74,34.74,34.74,34.74,34.72,34.71,34.73,34.75,34.78,34.78,34.78,34.78,34.74,34.72,--,34.72,34.72,34.72,34.72,34.72,34.71,34.71,,
WL,m,s752,0,2014,4,24,34.72,34.72,34.74,34.75,34.75,34.76,34.74,34.71,34.73,34.75,34.8,34.82,34.79,34.78,34.74,34.71,34.71,34.71,34.71,34.71,34.71,34.71,34.71,34.71,,
WL,m,s752,0,2014,4,25,34.71,34.71,34.71,34.71,34.71,34.71,34.74,34.75,34.76,34.78,34.78,34.78,--,34.79,34.74,34.71,34.71,34.71,34.7,34.7,34.7,34.7,34.7,34.7,,
WL,m,s752,0,2014,4,26,34.71,34.7,34.71,34.71,34.71,34.71,34.74,34.74,34.75,34.77,34.78,34.78,34.79,34.78,34.74,34.72,34.71,34.71,34.7,34.7,34.7,34.7,34.7,34.71,,
WL,m,s752,0,2014,4,27,34.71,34.71,34.71,34.71,34.71,34.73,34.74,34.75,34.77,34.77,34.78,34.78,34.78,34.75,34.72,34.71,34.71,34.71,34.71,34.71,34.71,34.71,34.71,34.71,,
WL,m,s752,0,2014,4,28,34.71,34.71,34.71,34.71,34.71,34.71,34.72,34.73,34.73,34.74,34.77,34.77,34.78,34.78,34.73,34.71,34.7,34.7,34.71,34.71,34.71,34.71,34.71,34.71,,
WL,m,s752,0,2014,4,29,34.75,34.76,34.74,34.73,34.74,34.76,34.72,34.7,34.72,34.74,34.77,34.78,34.77,34.77,34.75,34.7,34.7,34.7,34.7,34.7,34.7,34.71,34.71,34.71,,
WL,m,s752,0,2014,4,30,34.71,34.77,34.75,34.74,34.75,34.76,34.71,34.72,34.74,34.75,34.75,34.76,34.76,34.76,34.74,34.73,34.71,34.7,34.7,34.7,34.7,34.7,34.7,34.7,,
WL,m,s752,0,2014,5,1,34.71,34.71,34.71,34.71,34.71,34.72,34.74,34.74,34.77,--,34.77,34.74,34.74,34.77,34.78,34.75,34.74,34.72,34.71,34.7,34.69,34.7,34.7,34.7,,
WL,m,s752,0,2014,5,2,34.7,34.7,34.7,34.71,34.71,34.72,34.73,34.74,34.75,34.77,34.77,34.77,34.77,34.77,34.74,34.71,34.69,34.69,34.69,34.69,34.7,34.69,34.69,34.7,,
WL,m,s752,0,2014,5,3,34.7,,,,,,,,,,,,,,,,,,,,,,,,,
WL,m,s752,0,2014,5,4,34.71,34.71,34.71,34.71,34.71,34.71,34.71,34.73,34.75,34.75,34.76,34.76,34.76,34.76,34.75,34.72,34.71,34.71,34.71,34.71,34.71,34.71,34.71,34.71,,
WL,m,s752,0,2014,5,5,34.71,34.71,34.71,34.71,34.71,34.73,34.74,34.75,34.78,34.77,34.77,34.78,34.78,34.78,34.73,34.71,34.7,34.7,34.69,34.7,34.7,34.71,34.71,34.71,,
WL,m,s752,0,2014,5,6,34.71,34.7,34.7,34.7,34.7,34.71,34.73,34.74,34.75,34.76,34.78,34.78,34.75,34.77,34.73,34.74,34.7,34.69,34.69,34.69,34.7,34.71,34.7,34.71,,
WL,m,s752,0,2014,5,7,34.71,34.71,34.71,34.72,34.72,34.73,34.73,34.76,34.77,34.77,34.75,34.74,34.77,34.76,34.75,34.72,34.71,34.71,34.7,34.71,34.71,34.71,34.71,34.71,,
WL,m,s752,0,2014,5,8,34.71,34.71,34.71,34.72,34.72,34.73,34.74,34.75,34.77,34.77,34.77,34.77,34.77,--,34.77,34.72,34.71,34.7,34.7,34.7,34.7,34.71,34.71,34.72,,
WL,m,s752,0,2014,5,9,34.73,34.73,34.73,34.73,34.72,34.72,34.72,34.72,34.73,34.75,34.76,34.76,34.75,34.78,34.74,34.75,34.72,34.71,34.7,34.71,34.71,34.71,34.71,34.71,,
WL,m,s752,0,2014,5,10,34.71,34.71,34.72,34.71,34.71,34.72,34.73,34.74,34.74,34.76,34.76,34.77,34.76,34.76,34.74,34.7,34.69,34.69,34.69,34.69,34.7,34.7,34.7,34.7,,
WL,m,s752,0,2014,5,11,34.7,34.7,34.7,34.7,34.7,34.71,34.73,34.74,34.75,34.75,34.75,34.76,34.77,34.76,34.74,34.71,34.7,34.7,34.7,34.7,34.7,34.7,34.7,34.7,,
WL,m,s752,0,2014,5,12,34.7,34.7,34.7,34.7,34.7,34.72,34.74,34.75,34.76,34.77,34.77,34.77,34.76,34.73,34.71,34.7,34.69,34.7,34.71,34.71,34.71,34.71,34.72,34.71,,
WL,m,s752,0,2014,5,13,34.71,34.72,34.71,34.71,34.71,34.71,34.71,34.73,34.74,34.74,34.74,--,--,--,--,34.75,34.73,34.73,34.73,34.72,34.71,34.71,34.72,34.71,,
WL,m,s752,0,2014,5,14,34.71,34.71,34.71,34.71,34.71,34.72,34.74,34.75,34.76,34.8,34.78,34.76,34.77,34.75,34.74,34.71,34.7,34.72,34.71,34.7,34.7,34.7,34.71,34.7,,
WL,m,s752,0,2014,5,15,34.7,34.7,34.7,34.71,34.73,34.74,34.74,34.75,34.75,34.8,--,34.8,34.79,34.78,34.74,34.72,34.7,34.7,34.7,34.7,34.7,34.7,34.71,34.71,,
WL,m,s752,0,2014,5,16,34.71,--,34.71,34.71,34.74,34.78,34.77,34.75,34.73,34.85,34.88,34.9,34.88,34.89,34.88,34.85,34.86,34.84,34.81,--,--,34.76,34.78,34.86,,
WL,m,s752,0,2014,5,17,34.78,34.77,34.74,34.73,34.73,34.73,34.75,34.79,34.8,34.8,34.76,34.76,34.72,34.75,34.76,34.74,34.72,34.72,34.74,34.73,34.72,34.72,34.72,34.72,,
WL,m,s752,0,2014,5,18,34.72,34.72,34.71,34.72,34.72,34.73,34.75,34.74,34.75,34.78,34.76,34.75,34.79,34.78,34.76,34.71,34.7,34.72,34.74,34.71,34.7,34.7,34.7,34.7,,
WL,m,s752,0,2014,5,19,34.69,34.69,34.76,34.75,34.76,34.7,34.7,34.73,34.76,34.8,34.81,34.8,34.79,34.77,34.75,34.68,34.67,34.67,34.67,34.67,34.68,34.67,34.68,34.68,,
WL,m,s752,0,2014,5,20,34.67,34.68,34.68,34.68,34.68,34.71,34.72,34.74,34.78,34.81,34.78,34.77,34.77,34.76,34.7,34.67,34.68,34.68,34.68,34.68,34.68,34.68,34.68,34.68,,
WL,m,s752,0,2014,5,21,34.69,34.68,34.69,34.69,34.7,34.71,34.74,34.75,34.8,34.76,34.76,34.76,34.75,34.71,34.7,34.7,34.7,34.79,34.86,34.73,34.7,34.71,34.7,34.7,,
WL,m,s752,0,2014,5,22,34.7,34.7,34.7,34.7,34.7,34.73,34.73,34.74,34.76,34.78,34.79,34.78,34.76,34.74,34.72,34.69,34.68,34.68,34.68,34.68,34.68,34.67,34.68,34.68,,
WL,m,s752,0,2014,5,23,34.68,34.68,34.68,34.68,34.69,34.72,34.72,34.74,34.77,34.77,34.78,34.78,34.77,34.76,34.73,34.69,34.68,34.68,34.68,34.68,34.68,--,,,,
WL,m,s752,0,2014,5,24,34.68,34.69,34.69,34.69,34.71,34.72,34.73,34.74,34.75,34.74,34.75,34.8,34.78,34.75,34.73,34.71,34.69,34.69,34.69,34.69,34.68,34.68,34.68,34.68,,
WL,m,s752,0,2014,5,25,34.68,34.68,34.69,34.69,34.7,34.72,34.74,34.75,34.78,34.77,34.77,34.73,34.74,34.79,34.75,34.69,34.68,34.68,34.68,34.68,34.68,34.68,34.68,34.68,,
WL,m,s752,0,2014,5,26,34.68,34.68,34.69,34.69,34.7,34.72,34.72,34.74,34.76,34.77,34.78,34.8,34.76,34.77,34.74,34.72,34.71,34.71,34.71,34.72,34.77,34.79,34.79,34.81,,
WL,m,s752,0,2014,5,27,34.79,34.76,34.74,34.72,34.71,34.72,34.73,34.74,34.76,34.78,34.8,34.81,34.78,34.78,34.71,34.69,34.68,34.68,34.68,34.68,34.68,34.69,34.69,34.69,,
WL,m,s752,0,2014,5,28,34.7,34.7,34.69,34.7,34.71,34.72,34.72,34.75,34.76,34.78,34.78,34.79,34.78,34.77,34.75,34.7,34.69,34.68,34.69,34.69,34.68,34.69,34.69,34.69,,
WL,m,s752,0,2014,5,29,34.7,34.7,34.7,34.7,34.7,34.72,34.75,34.75,34.77,34.8,34.78,34.77,34.76,34.76,34.73,34.7,34.69,34.69,34.69,34.69,34.69,34.69,34.7,34.7,,
WL,m,s752,0,2014,5,30,34.71,34.72,34.7,34.72,34.72,34.73,34.74,34.75,34.75,34.76,34.76,34.75,34.75,34.76,34.71,34.72,34.72,34.72,34.71,34.72,34.72,34.72,34.72,34.72,,
WL,m,s752,0,2014,5,31,34.72,34.72,34.72,34.72,34.72,34.73,34.73,34.76,34.76,34.76,34.76,34.76,34.76,34.75,34.73,34.71,34.71,34.71,34.71,34.71,34.71,34.71,34.71,--,,
WL,m,s752,0,2014,6,1,34.71,34.71,34.71,34.71,34.73,34.73,34.74,34.76,34.75,34.76,34.76,34.76,34.76,34.75,34.74,34.73,34.73,34.72,34.72,34.72,34.72,34.72,34.72,34.72,,
WL,m,s752,0,2014,6,2,34.72,34.72,34.72,34.73,34.73,34.74,34.75,34.76,34.76,34.77,34.77,34.76,34.76,34.74,34.73,34.73,34.72,34.72,34.71,34.71,34.71,34.71,34.71,34.71,,
WL,m,s752,0,2014,6,3,34.71,34.71,34.72,34.72,34.72,34.73,34.75,34.76,34.76,34.76,34.76,34.76,34.76,34.79,34.73,34.69,34.69,34.69,34.69,34.69,34.7,34.7,34.7,34.7,,
WL,m,s752,0,2014,6,4,34.7,34.7,34.7,34.71,34.71,34.73,34.74,34.77,34.77,34.77,34.77,34.77,34.76,34.79,34.73,34.69,34.69,34.69,34.69,34.7,34.7,34.7,34.7,34.71,,
WL,m,s752,0,2014,6,5,34.71,34.71,34.71,34.71,34.72,34.73,34.76,34.77,34.77,34.77,34.77,34.77,34.76,34.74,34.74,34.73,34.71,34.71,34.71,34.71,34.71,34.71,34.71,34.71,,
WL,m,s752,0,2014,6,6,34.73,34.71,34.72,34.72,34.72,34.73,34.73,34.75,34.76,34.75,34.75,34.75,34.73,34.73,34.72,34.72,34.72,34.71,34.71,34.71,34.71,34.72,34.72,34.72,,
WL,m,s752,0,2014,6,7,34.72,34.72,34.72,34.72,34.72,34.73,34.73,34.75,34.74,34.75,34.76,34.75,34.75,34.73,34.73,34.72,34.72,34.72,34.72,34.72,34.71,34.71,34.72,34.72,,
WL,m,s752,0,2014,6,8,34.71,34.71,34.72,34.72,34.72,34.73,34.74,34.75,34.78,34.89,34.82,34.82,34.93,34.8,34.77,34.76,34.75,34.73,34.73,34.73,34.73,34.73,34.73,34.73,,
WL,m,s752,0,2014,6,9,34.75,34.79,34.79,34.83,34.81,34.86,34.79,34.77,34.77,34.77,34.76,34.77,34.77,34.76,34.76,34.74,34.73,34.73,34.73,34.73,34.73,34.73,34.73,34.73,,
WL,m,s752,0,2014,6,10,34.73,34.73,34.73,34.73,34.73,34.74,34.75,34.75,34.76,34.76,34.76,34.75,34.75,34.76,34.75,34.74,34.73,34.74,34.73,34.73,34.73,34.73,34.73,34.73,,
WL,m,s752,0,2014,6,11,34.73,34.73,34.73,34.74,34.74,34.74,34.75,34.75,34.75,34.75,34.76,34.75,34.76,34.75,34.74,34.77,34.86,34.76,34.75,34.74,34.74,34.77,34.77,34.87,,
WL,m,s752,0,2014,6,12,34.8,34.79,34.78,34.76,34.75,34.75,34.75,34.76,34.76,34.79,34.76,34.75,34.74,34.73,34.73,34.76,34.76,34.8,34.75,34.75,34.76,34.81,34.77,34.76,,
WL,m,s752,0,2014,6,13,34.75,34.75,34.79,34.85,34.94,34.84,34.81,34.92,34.8,34.78,34.86,34.81,34.81,34.92,--,34.77,34.8,34.84,34.79,34.78,34.81,34.81,34.82,34.81,,
WL,m,s752,0,2014,6,14,34.81,34.81,34.86,34.78,34.77,34.77,34.76,34.76,34.77,34.76,34.77,34.76,34.76,34.75,34.76,34.74,34.73,34.73,34.74,34.76,34.74,34.74,34.74,34.74,,
WL,m,s752,0,2014,6,15,34.74,34.74,34.74,34.74,34.74,34.74,34.75,34.76,34.75,34.75,34.76,34.75,34.75,34.75,34.75,34.82,34.88,34.85,34.77,34.75,34.76,34.75,34.75,34.75,,
WL,m,s752,0,2014,6,16,34.74,34.75,34.74,34.74,34.74,34.75,34.75,34.76,34.75,34.75,34.75,34.75,34.75,34.75,34.76,34.75,34.74,34.81,34.81,34.75,34.75,34.74,34.74,34.73,,
WL,m,s752,0,2014,6,17,34.74,34.74,34.74,34.74,34.74,34.74,34.85,34.79,34.76,34.76,34.77,34.76,34.74,34.74,34.73,34.74,34.75,34.75,34.73,34.73,34.73,34.73,34.73,34.73,,
WL,m,s752,0,2014,6,18,34.73,34.85,34.76,34.74,34.74,34.75,34.74,34.75,34.75,34.75,34.76,34.75,34.76,34.75,34.74,34.73,34.73,34.73,34.73,34.73,34.73,34.73,34.73,34.73,,
WL,m,s752,0,2014,6,19,34.73,34.73,34.73,34.73,34.73,34.74,34.74,34.74,34.74,34.73,34.74,34.74,34.74,34.74,34.72,34.72,34.72,34.72,34.72,34.72,34.72,34.72,34.72,34.72,,
WL,m,s752,0,2014,6,20,34.72,34.72,34.72,34.72,34.72,34.72,34.73,34.73,34.73,34.73,34.74,34.74,34.73,34.72,34.72,34.72,34.72,34.71,34.71,34.71,34.72,34.72,34.72,34.72,,
WL,m,s752,0,2014,6,21,34.72,34.72,34.72,34.72,34.72,34.72,34.72,34.73,34.73,34.74,34.74,34.74,34.74,34.73,34.72,34.71,34.71,34.71,34.71,34.71,34.71,34.71,34.72,34.72,,
WL,m,s752,0,2014,6,22,34.72,34.72,34.72,34.72,34.72,34.72,34.73,34.73,34.73,34.74,34.75,34.74,34.74,34.74,34.71,34.7,34.7,34.7,34.7,34.7,34.7,34.7,34.7,34.7,,
WL,m,s752,0,2014,6,23,34.7,34.7,34.7,34.7,34.7,34.71,34.72,34.73,34.74,34.74,34.74,34.74,34.74,34.74,--,34.71,34.71,34.7,34.7,34.7,34.7,34.7,34.7,34.7,,
WL,m,s752,0,2014,6,24,34.7,34.7,34.7,34.7,34.7,34.71,34.73,34.72,34.73,34.74,34.74,34.74,34.74,34.74,34.73,34.72,34.72,34.71,34.71,34.71,34.71,34.71,34.71,34.71,,
WL,m,s752,0,2014,6,25,34.71,34.71,34.71,34.71,34.71,34.72,34.73,34.73,34.74,34.74,34.74,34.74,34.74,34.72,34.72,34.71,34.7,34.7,34.71,34.71,34.71,34.71,34.71,34.71,,
WL,m,s752,0,2014,6,26,34.71,34.71,34.71,34.71,34.71,34.72,34.73,34.73,34.74,34.74,34.74,34.73,34.73,34.77,34.72,34.71,34.7,34.7,34.69,34.69,34.7,34.69,34.7,34.7,,
WL,m,s752,0,2014,6,27,34.71,34.71,34.7,34.7,34.7,34.72,34.73,34.74,34.74,34.75,34.75,34.75,34.75,34.78,34.7,34.67,34.68,34.68,34.68,34.68,34.68,34.69,34.68,34.69,,
WL,m,s752,0,2014,6,28,34.69,34.69,34.69,34.69,34.7,34.71,34.73,34.76,34.75,34.76,34.75,34.72,34.73,34.73,34.73,34.71,34.7,34.71,34.71,34.71,34.7,34.7,34.7,34.71,,
WL,m,s752,0,2014,6,29,34.71,34.71,34.7,34.7,34.71,34.72,34.74,34.74,34.76,34.76,34.76,34.76,34.75,34.79,34.72,34.68,34.68,34.69,34.69,34.69,34.7,34.69,34.69,34.7,,
WL,m,s752,0,2014,6,30,34.69,34.71,34.71,34.71,34.71,34.73,34.75,34.76,34.77,34.77,34.76,34.76,34.75,34.73,34.73,34.72,34.72,34.71,34.71,34.71,34.71,34.71,34.71,34.71,,
WL,m,s752,0,2014,7,1,34.71,34.71,34.71,34.71,34.71,34.73,34.74,34.75,34.74,34.75,34.74,34.73,34.78,34.79,34.71,34.7,34.7,34.69,34.69,34.7,34.7,34.69,34.69,34.69,,
WL,m,s752,0,2014,7,2,34.69,34.69,34.69,34.69,34.7,34.69,34.71,34.73,34.74,34.75,34.75,34.75,34.75,34.75,34.74,34.72,34.71,34.7,34.71,34.7,34.71,34.71,34.71,34.71,,
WL,m,s752,0,2014,7,3,34.7,34.71,34.72,34.71,34.72,34.73,34.74,34.74,34.75,34.75,34.75,34.73,34.79,34.78,34.73,34.68,34.69,34.69,34.7,34.69,34.7,34.7,34.7,34.7,,
WL,m,s752,0,2014,7,4,34.7,34.7,34.7,34.71,34.72,34.73,34.74,34.75,34.75,34.75,34.76,34.75,34.75,34.75,34.73,34.72,34.72,34.71,34.71,34.69,34.66,34.67,34.66,34.68,,
WL,m,s752,0,2014,7,5,34.68,34.69,34.69,34.69,34.7,34.7,34.72,34.73,34.74,34.79,34.79,34.76,34.75,34.77,34.73,34.71,34.7,34.7,34.69,34.69,34.67,34.65,34.66,34.66,,
WL,m,s752,0,2014,7,6,34.66,34.67,34.66,34.66,34.67,34.7,34.73,34.73,34.73,34.75,34.78,34.78,34.77,34.76,34.77,34.79,34.73,34.73,34.71,34.71,34.71,34.7,34.7,34.7,,
WL,m,s752,0,2014,7,7,34.7,34.7,34.7,34.7,34.7,34.71,34.72,34.73,34.76,34.75,34.75,34.75,34.75,34.75,34.74,34.72,34.71,34.7,34.69,34.69,34.69,34.69,34.68,34.68,,
WL,m,s752,0,2014,7,8,34.69,34.68,34.69,34.69,34.69,34.69,34.72,34.72,34.74,34.79,34.76,34.76,34.77,34.84,34.72,34.71,34.7,34.69,34.69,34.7,34.7,34.7,34.7,34.69,,
WL,m,s752,0,2014,7,9,34.69,34.7,34.7,34.7,34.7,34.71,34.72,34.72,34.73,34.76,34.76,34.76,34.74,--,34.72,34.73,34.73,34.71,34.71,34.72,34.71,34.71,34.71,34.7,,
WL,m,s752,0,2014,7,10,34.71,34.71,34.71,34.71,34.71,34.71,34.72,34.73,34.73,34.73,34.73,34.74,34.75,34.73,34.73,34.74,34.73,34.73,34.75,34.77,34.77,34.77,34.73,34.71,,
WL,m,s752,0,2014,7,11,34.71,34.7,34.7,34.7,34.7,34.72,34.73,34.73,34.74,34.76,34.76,34.76,34.76,34.73,34.72,34.71,34.69,34.69,34.69,34.69,34.69,34.69,34.69,34.69,,
WL,m,s752,0,2014,7,12,34.69,34.69,34.69,34.69,34.69,34.71,34.71,34.71,34.72,34.75,34.75,34.73,34.73,34.72,34.71,34.71,34.71,34.71,34.71,34.7,34.69,34.69,34.69,34.69,,
WL,m,s752,0,2014,7,13,34.69,34.68,34.68,34.68,34.68,34.7,34.71,34.72,34.75,34.75,34.75,34.75,34.74,34.72,34.72,34.7,34.7,34.7,34.7,34.7,34.7,34.7,34.7,34.7,,
WL,m,s752,0,2014,7,14,34.7,34.7,34.7,34.7,34.7,34.72,34.72,34.73,34.74,34.76,34.76,34.76,34.76,34.76,34.74,34.72,34.72,34.7,34.7,34.7,34.7,34.7,34.7,34.7,,
WL,m,s752,0,2014,7,15,34.7,34.7,34.7,34.7,34.7,34.71,34.72,34.73,34.74,34.76,34.76,34.76,34.76,34.74,34.7,34.69,34.69,34.68,34.68,34.68,34.68,34.68,34.68,34.68,,
WL,m,s752,0,2014,7,16,34.68,34.68,34.68,34.68,34.68,34.69,34.7,34.72,34.74,34.74,34.74,34.73,34.72,34.71,34.71,34.72,34.7,34.68,34.68,34.68,34.68,34.68,34.68,34.69,,
WL,m,s752,0,2014,7,17,34.69,34.68,34.68,34.68,34.68,34.69,34.71,34.71,34.72,34.74,34.74,34.74,34.73,34.74,34.72,34.71,34.7,34.69,34.68,34.68,34.68,34.68,34.68,34.68,,
WL,m,s752,0,2014,7,18,34.69,34.69,34.68,34.68,34.68,34.7,34.71,34.72,34.72,34.74,34.75,34.75,34.74,34.73,34.71,34.71,34.69,34.69,34.68,34.69,34.69,34.69,34.69,34.69,,
WL,m,s752,0,2014,7,19,34.69,34.69,34.69,34.69,34.69,34.69,34.71,34.71,--,--,34.74,34.74,34.74,34.72,34.72,34.72,34.71,34.7,34.7,34.69,34.69,34.69,34.69,34.69,,
WL,m,s752,0,2014,7,20,34.69,34.7,34.69,34.69,34.69,34.71,34.72,34.72,34.72,34.73,34.75,34.74,34.75,34.73,34.72,34.72,34.7,34.69,34.69,34.69,34.69,34.69,34.69,34.69,,
WL,m,s752,0,2014,7,21,34.69,34.69,34.69,34.69,34.69,34.69,34.71,34.72,34.73,34.75,34.75,34.75,34.75,34.74,34.72,34.72,34.7,34.69,34.69,34.69,34.7,34.7,34.7,34.69,,
WL,m,s752,0,2014,7,22,34.69,34.69,34.69,34.69,34.7,34.71,34.71,34.72,34.73,34.75,34.76,34.76,34.75,34.73,--,34.72,34.72,34.71,34.71,34.7,34.74,34.72,34.71,34.7,,
WL,m,s752,0,2014,7,23,34.7,34.76,34.7,34.71,34.72,34.76,34.78,34.76,34.97,34.83,34.8,34.77,34.78,34.77,34.77,34.74,34.73,34.73,34.72,34.71,34.71,34.71,34.7,34.7,,
WL,m,s752,0,2014,7,24,34.7,34.7,34.69,34.7,34.7,34.71,34.73,34.73,34.74,34.75,34.75,34.75,34.74,34.74,34.73,34.71,34.7,34.69,34.69,34.69,34.68,34.68,34.68,34.69,,
WL,m,s752,0,2014,7,25,34.69,34.69,34.69,34.69,34.69,34.69,34.7,34.71,34.72,34.74,34.74,34.74,34.74,34.73,34.7,34.7,34.69,34.71,34.7,34.7,34.7,34.7,34.7,34.7,,
WL,m,s752,0,2014,7,26,34.7,34.7,34.7,34.7,34.7,34.7,34.72,34.72,34.73,34.74,34.74,34.74,34.79,34.84,34.98,34.84,34.75,34.72,34.72,34.72,34.72,34.72,34.72,34.72,,
WL,m,s752,0,2014,7,27,34.72,34.71,34.71,34.71,34.71,34.72,34.74,34.74,34.74,34.77,34.75,34.74,34.74,34.73,35.02,35.09,34.93,34.93,34.93,34.9,34.89,34.84,34.8,34.82,,
WL,m,s752,0,2014,7,28,34.8,34.79,34.82,34.77,34.74,34.73,34.74,34.74,34.75,34.75,34.75,34.75,34.75,34.74,34.74,34.73,34.71,34.71,34.7,34.7,34.7,34.7,34.7,34.7,,
WL,m,s752,0,2014,7,29,34.7,34.7,34.7,34.7,34.7,34.71,34.71,34.72,34.72,34.73,34.73,34.72,34.72,34.72,34.7,34.7,34.69,34.69,34.69,34.68,34.68,34.68,34.68,34.69,,
WL,m,s752,0,2014,7,30,34.68,34.68,34.68,34.68,34.68,34.68,34.71,34.72,34.72,34.72,34.72,34.72,34.72,34.76,34.72,34.68,34.67,34.67,34.67,34.68,34.68,--,--,--,,
WL,m,s752,0,2014,7,31,--,--,--,--,--,--,--,--,--,--,--,34.72,34.71,34.72,34.71,34.7,34.7,34.68,34.68,34.68,34.68,34.68,34.68,34.68,,
WL,m,s752,0,2014,8,1,34.68,34.68,34.68,34.68,34.68,34.68,34.7,34.72,34.72,34.72,34.72,34.72,34.71,34.73,34.72,34.69,34.69,34.68,34.68,34.68,34.68,34.68,34.68,34.68,,
WL,m,s752,0,2014,8,2,34.68,34.68,34.68,34.68,34.68,34.69,34.71,34.72,34.72,34.72,34.72,34.72,34.72,34.73,34.71,34.69,34.69,34.68,34.68,34.68,34.68,34.68,34.68,34.68,,
WL,m,s752,0,2014,8,3,34.68,34.68,34.68,34.68,34.68,34.69,34.72,34.73,34.73,34.73,34.73,34.72,34.72,34.72,34.72,34.7,34.69,34.69,34.69,34.69,34.69,34.69,34.69,34.69,,
WL,m,s752,0,2014,8,4,34.69,34.69,34.7,34.7,34.7,34.71,34.71,34.72,34.72,34.72,34.74,34.73,34.84,34.84,34.84,34.84,34.84,34.79,34.75,34.78,34.74,34.74,34.75,34.74,,
WL,m,s752,0,2014,8,5,34.74,34.74,34.73,34.73,34.73,34.73,34.81,34.83,--,34.92,34.86,34.78,34.84,34.77,34.77,34.76,34.83,34.82,34.74,34.73,34.73,34.73,34.73,34.73,,
WL,m,s752,0,2014,8,6,34.73,34.73,34.72,34.73,34.72,34.72,34.73,34.73,34.73,34.74,34.75,34.73,34.74,34.74,34.74,34.72,34.73,34.73,34.72,34.72,34.83,35.07,34.82,34.79,,
WL,m,s752,0,2014,8,7,34.76,34.94,35.12,34.79,34.75,34.74,34.75,34.77,34.75,34.75,34.76,34.75,34.75,34.75,34.74,34.73,34.93,34.76,34.74,34.74,34.75,34.74,34.78,34.81,,
WL,m,s752,0,2014,8,8,34.77,34.73,34.73,34.74,34.78,34.79,34.8,34.8,34.77,34.76,34.76,34.76,34.76,34.75,34.93,34.8,34.74,34.86,34.74,34.73,34.73,34.73,34.72,34.72,,
WL,m,s752,0,2014,8,9,34.72,34.72,34.72,34.72,34.73,34.73,34.74,34.74,34.74,34.75,34.75,34.75,34.75,34.74,34.73,34.72,34.72,34.72,34.72,34.72,34.72,34.72,34.72,34.72,,
WL,m,s752,0,2014,8,10,34.72,34.72,34.73,34.72,34.72,34.73,34.74,34.73,34.74,34.74,34.74,34.74,34.74,34.74,34.73,34.72,34.72,34.72,34.73,34.73,34.78,34.93,35.11,35.1,,
WL,m,s752,0,2014,8,11,35.32,35.2,35.22,--,35.34,35.01,34.92,34.87,34.84,34.83,34.81,34.81,34.79,34.78,34.79,34.77,34.76,34.76,34.76,34.76,34.76,34.76,34.75,34.74,,
WL,m,s752,0,2014,8,12,34.75,34.75,34.74,34.74,34.74,34.75,34.75,34.75,34.75,34.76,34.76,34.76,34.76,34.76,34.76,34.75,34.73,34.72,34.72,34.72,34.72,34.72,34.72,34.72,,
WL,m,s752,0,2014,8,13,34.72,34.72,34.72,34.72,34.72,34.72,34.73,34.73,34.73,34.74,34.74,34.73,34.74,34.72,34.71,34.71,34.71,34.71,34.71,34.72,34.72,34.72,34.71,34.71,,
WL,m,s752,0,2014,8,14,34.71,34.71,34.71,34.71,34.71,34.72,34.72,34.72,34.73,34.73,34.72,34.72,34.73,34.72,34.71,34.71,34.71,34.71,34.71,34.71,34.71,34.71,34.71,34.7,,
WL,m,s752,0,2014,8,15,34.7,34.7,34.71,34.71,34.71,34.71,34.72,34.72,34.72,34.73,34.72,34.73,34.72,34.72,34.72,34.72,34.72,34.71,34.71,34.71,34.7,34.7,34.7,34.7,,
WL,m,s752,0,2014,8,16,34.7,34.71,34.7,34.71,34.71,34.71,34.72,34.72,34.72,34.73,34.72,34.73,34.73,34.72,34.71,34.71,34.71,34.71,34.71,34.71,34.71,34.71,34.71,34.71,,
WL,m,s752,0,2014,8,17,34.71,34.71,34.71,34.71,34.71,34.71,34.72,34.72,34.72,34.72,34.72,34.72,34.72,34.72,34.71,34.71,34.71,34.71,34.71,34.71,34.71,34.71,34.71,34.71,,
WL,m,s752,0,2014,8,18,34.71,34.71,34.71,34.71,34.71,34.71,34.71,34.72,34.72,34.72,34.72,34.72,34.72,34.71,34.71,34.71,34.71,34.72,34.73,34.73,34.73,34.72,34.72,34.72,,
WL,m,s752,0,2014,8,19,34.73,34.72,34.72,34.73,34.73,34.74,34.8,34.81,34.97,35.07,34.95,34.92,34.87,34.89,35.07,34.99,34.84,34.81,34.79,34.78,34.77,34.76,34.76,34.75,,
WL,m,s752,0,2014,8,20,34.75,34.75,34.74,34.75,34.75,34.74,34.75,34.75,34.74,34.75,34.76,34.75,34.75,34.74,34.72,34.69,--,34.68,34.68,34.69,34.67,34.68,34.68,34.67,,
WL,m,s752,0,2014,8,21,34.67,34.67,34.66,34.72,34.72,34.71,34.73,34.74,34.76,34.8,34.8,34.79,34.79,34.75,34.73,34.72,--,34.71,34.71,34.71,34.71,34.71,34.71,34.71,,
WL,m,s752,0,2014,8,22,34.71,34.71,34.71,34.71,34.71,34.71,34.72,34.73,--,--,34.84,34.76,34.74,34.74,34.73,34.8,--,34.78,34.84,34.75,35.08,34.99,34.81,34.79,,
WL,m,s752,0,2014,8,23,34.77,34.75,34.75,34.74,35.01,34.8,34.78,34.77,34.83,34.79,34.79,34.82,34.78,34.78,34.77,34.74,34.69,34.78,34.7,34.7,34.71,34.72,34.71,34.7,,
WL,m,s752,0,2014,8,24,34.7,34.7,34.7,34.7,34.7,34.7,34.73,34.75,34.74,34.76,34.76,34.8,34.8,34.78,34.74,34.72,34.72,34.72,34.71,34.71,34.71,34.71,34.72,34.72,,
WL,m,s752,0,2014,8,25,34.71,34.71,34.72,34.77,34.72,34.8,34.78,34.78,--,--,34.76,34.76,34.75,--,34.77,34.72,34.71,34.7,34.68,34.65,34.66,34.66,34.67,34.68,,
WL,m,s752,0,2014,8,26,34.68,34.68,34.68,34.68,34.69,34.7,34.71,34.72,34.73,34.74,34.8,34.77,34.79,34.76,34.72,34.7,34.69,34.69,34.69,34.69,34.69,34.69,34.69,34.69,,
WL,m,s752,0,2014,8,27,34.69,34.69,34.7,34.7,34.7,34.69,34.71,34.71,34.72,34.75,34.75,34.75,34.74,34.72,34.72,34.71,34.71,34.7,34.69,34.69,34.69,34.69,34.7,34.7,,
WL,m,s752,0,2014,8,28,34.7,34.7,34.69,34.7,34.69,34.7,34.71,34.72,34.73,34.75,34.83,34.85,34.85,34.84,34.84,34.84,34.84,34.83,34.76,34.75,34.72,34.72,34.72,34.71,,
WL,m,s752,0,2014,8,29,34.71,34.71,34.7,34.7,34.7,34.7,34.72,34.73,34.73,34.75,34.76,34.76,34.76,34.76,34.73,34.71,--,34.7,34.7,34.7,34.7,34.7,34.7,34.7,,
WL,m,s752,0,2014,8,30,34.7,34.7,34.7,34.7,34.7,34.7,34.72,34.73,34.73,34.76,34.79,34.78,34.77,34.77,34.73,34.71,34.7,34.7,34.7,34.7,34.7,34.7,34.7,34.7,,
WL,m,s752,0,2014,8,31,34.7,34.7,34.7,34.7,34.7,34.7,34.71,34.73,34.74,34.76,34.76,34.76,34.75,34.75,34.73,34.71,34.7,34.7,34.7,34.7,34.7,34.7,34.7,34.7,,
WL,m,s752,0,2014,9,1,34.7,34.7,34.7,34.7,34.69,34.69,34.71,34.72,34.74,34.76,34.75,34.76,34.76,34.75,34.73,34.71,34.7,34.7,34.7,34.7,34.7,34.7,34.7,34.7,,
WL,m,s752,0,2014,9,2,34.7,34.7,34.7,34.7,34.7,34.7,34.71,34.72,34.74,34.76,34.76,34.76,34.76,34.76,34.73,34.71,34.7,34.7,34.7,34.7,34.7,34.7,34.7,34.7,,
WL,m,s752,0,2014,9,3,34.7,34.7,34.7,34.7,34.7,34.7,34.71,34.73,34.74,34.76,34.77,34.76,34.76,34.76,34.73,34.72,34.71,34.7,34.7,34.7,34.7,34.7,34.7,34.7,,
WL,m,s752,0,2014,9,4,34.7,34.7,34.7,34.7,34.7,34.7,34.7,34.76,34.73,34.74,34.76,34.8,34.8,34.79,34.82,34.79,34.78,34.75,34.72,34.72,34.72,34.76,34.74,34.75,,
WL,m,s752,0,2014,9,5,34.73,34.8,34.75,34.73,34.73,34.73,34.73,34.74,34.75,34.76,34.76,34.76,34.75,34.75,34.74,34.73,34.72,34.71,34.7,34.71,34.7,34.7,34.7,34.7,,
WL,m,s752,0,2014,9,6,34.71,34.72,34.7,34.7,34.7,34.7,34.71,34.73,34.74,34.75,34.76,34.76,34.75,34.74,34.74,34.73,34.71,34.71,34.69,34.69,34.69,34.68,34.69,34.69,,
WL,m,s752,0,2014,9,7,34.69,34.69,34.69,34.69,34.69,34.7,34.7,34.71,34.72,34.73,34.75,34.75,34.74,34.74,34.72,34.72,34.71,34.71,34.69,34.69,34.69,34.69,34.69,34.69,,
WL,m,s752,0,2014,9,8,34.69,34.69,34.69,34.69,34.69,34.7,34.71,34.72,34.73,34.75,34.75,34.75,34.75,34.74,34.72,34.71,34.7,34.7,34.69,34.69,34.69,34.69,34.69,34.69,,
WL,m,s752,0,2014,9,9,34.69,34.69,34.69,34.69,34.69,34.69,34.71,34.72,34.73,34.75,34.75,34.76,34.76,34.76,34.74,34.73,34.71,34.71,34.71,34.71,34.71,34.7,34.71,34.71,,
WL,m,s752,0,2014,9,10,34.7,34.7,34.71,34.71,34.72,34.73,34.72,34.72,34.73,34.74,34.74,34.75,34.75,34.74,34.74,34.73,34.73,34.71,34.7,34.71,34.71,34.75,34.8,34.8,,
WL,m,s752,0,2014,9,11,34.92,36.05,35.65,36.33,35.61,35.52,35.14,35.02,34.97,34.95,34.95,34.95,34.94,34.92,34.88,34.87,34.86,34.85,34.83,34.82,34.81,34.81,34.8,34.79,,
WL,m,s752,0,2014,9,12,34.79,34.78,34.78,34.78,34.79,34.78,34.79,34.83,34.83,34.82,34.83,34.82,34.81,34.8,34.79,34.77,34.76,34.75,34.75,34.75,34.76,34.75,34.75,34.74,,
WL,m,s752,0,2014,9,13,34.74,34.74,34.74,34.74,34.73,34.73,34.74,34.75,34.76,34.77,34.77,34.79,34.79,34.78,34.76,34.75,34.73,34.71,34.71,34.7,34.71,34.71,34.7,34.7,,
WL,m,s752,0,2014,9,14,34.7,34.7,34.7,34.7,34.7,34.7,34.71,34.73,34.73,34.74,34.76,34.75,34.76,34.75,34.72,34.71,34.7,34.7,34.7,34.7,34.7,34.7,34.69,34.69,,
WL,m,s752,0,2014,9,15,34.69,34.69,34.69,34.69,34.69,34.7,34.71,34.72,34.73,34.75,34.75,34.75,34.76,34.75,34.73,34.72,34.7,34.7,34.7,34.7,34.7,34.7,34.7,34.7,,
WL,m,s752,0,2014,9,16,34.7,34.7,34.7,34.69,34.69,34.7,34.71,34.72,34.75,34.77,34.85,34.87,34.87,34.87,34.86,34.86,34.85,34.81,34.76,34.71,34.71,34.71,34.71,34.71,,
WL,m,s752,0,2014,9,17,34.71,34.71,34.71,34.71,34.71,34.71,34.71,34.79,34.77,34.75,34.77,34.81,34.77,34.76,34.75,34.74,34.73,34.71,34.71,34.7,34.7,34.7,34.7,34.71,,
WL,m,s752,0,2014,9,18,34.7,34.7,34.71,34.72,34.71,34.71,34.72,34.77,34.92,34.8,34.79,34.77,34.78,34.78,34.78,34.78,34.73,34.72,34.71,34.71,34.71,34.71,34.71,34.82,,
WL,m,s752,0,2014,9,19,34.82,34.76,34.73,34.84,34.73,34.72,34.82,34.76,--,--,34.79,34.81,34.76,34.77,34.75,34.74,34.72,34.72,34.72,34.85,34.73,34.73,34.71,34.71,,
WL,m,s752,0,2014,9,20,34.84,34.86,34.76,34.83,34.74,34.72,34.71,34.73,34.73,34.74,34.76,34.77,--,34.75,34.75,34.73,34.71,34.7,34.7,34.69,34.69,34.69,34.69,34.69,,
WL,m,s752,0,2014,9,21,34.69,34.69,34.7,34.69,34.69,34.69,34.7,34.72,34.72,34.74,34.75,34.75,34.76,34.75,34.72,34.71,34.7,34.69,34.7,34.69,34.69,34.69,34.69,34.69,,
WL,m,s752,0,2014,9,22,34.69,34.69,34.69,34.69,34.69,34.69,34.7,34.72,34.73,34.74,34.74,34.74,34.74,34.74,34.73,34.72,34.7,34.69,34.7,34.7,34.69,34.69,34.69,34.69,,
WL,m,s752,0,2014,9,23,34.69,34.69,34.69,34.69,34.69,34.7,34.7,34.72,34.73,34.75,34.75,34.75,34.76,34.75,34.73,34.72,34.71,34.7,34.69,34.69,34.69,34.69,34.69,34.69,,
WL,m,s752,0,2014,9,24,34.69,34.69,34.69,34.69,34.69,34.69,34.7,34.71,34.73,34.74,34.75,34.75,34.75,34.74,34.73,34.73,34.72,34.71,34.71,34.7,34.71,34.71,34.71,34.7,,
WL,m,s752,0,2014,9,25,34.71,34.7,34.7,34.7,34.7,34.7,34.7,34.71,34.73,34.74,34.76,34.75,34.75,34.75,34.73,34.71,34.7,34.7,34.7,34.7,34.7,34.7,34.7,34.7,,
WL,m,s752,0,2014,9,26,34.7,34.7,34.7,34.7,34.7,34.7,34.7,34.72,34.72,34.73,34.76,34.76,34.76,34.74,34.72,34.71,34.69,34.69,34.69,34.68,34.68,34.69,34.69,34.69,,
WL,m,s752,0,2014,9,27,34.69,34.69,34.69,34.69,34.69,34.69,34.7,34.71,34.75,34.74,34.74,34.74,34.74,34.72,34.72,34.71,34.72,34.71,34.71,34.71,34.7,34.7,34.7,34.71,,
WL,m,s752,0,2014,9,28,34.71,34.71,34.72,34.72,34.73,34.73,34.73,34.73,34.74,34.74,34.75,34.74,34.75,34.74,34.74,34.73,34.71,34.7,34.71,34.71,34.71,34.71,34.7,34.7,,
WL,m,s752,0,2014,9,29,34.7,34.7,34.7,34.7,34.7,34.7,34.71,34.73,34.74,34.75,34.76,34.76,34.75,34.74,34.73,34.73,34.72,34.7,34.7,34.69,34.7,34.7,34.7,34.7,,
WL,m,s752,0,2014,9,30,34.7,34.7,34.7,34.7,34.7,34.7,34.71,34.73,34.74,34.76,34.74,34.74,34.76,34.77,34.73,34.8,34.78,34.72,34.75,34.76,34.71,34.71,34.87,34.86,,
WL,m,s752,0,2014,10,1,34.81,34.82,34.73,34.72,34.72,34.71,34.71,34.73,34.74,34.76,34.76,34.76,34.75,34.75,34.74,34.73,34.72,34.71,34.71,34.7,34.7,34.7,34.7,34.7,,
WL,m,s752,0,2014,10,2,34.71,34.71,34.72,34.73,34.73,34.72,34.73,34.73,34.74,34.75,34.76,34.75,34.75,34.74,34.73,34.73,34.72,34.72,34.71,34.71,34.7,34.7,34.7,34.7,,
WL,m,s752,0,2014,10,3,34.71,34.7,34.81,34.85,34.75,34.72,34.71,34.72,34.72,34.73,34.73,34.74,34.75,34.75,34.75,35.17,35.21,34.93,34.83,34.79,34.76,34.74,34.73,34.72,,
WL,m,s752,0,2014,10,4,34.71,34.71,34.71,34.71,34.71,34.72,34.73,34.73,34.73,34.74,34.75,34.79,34.77,34.84,35.05,34.9,34.75,34.72,34.71,34.71,34.71,34.71,34.71,34.71,,
WL,m,s752,0,2014,10,5,34.71,34.71,34.71,34.71,34.7,34.7,34.71,34.72,34.73,34.74,34.75,34.75,34.75,34.74,34.74,34.73,34.72,34.71,34.71,34.7,34.7,34.7,34.7,34.7,,
WL,m,s752,0,2014,10,6,34.7,34.7,34.7,34.7,34.71,34.7,34.71,34.72,34.72,34.73,34.86,34.91,34.91,34.9,34.9,34.79,34.83,34.88,34.71,34.71,34.7,34.7,34.7,34.7,,
WL,m,s752,0,2014,10,7,34.7,34.7,34.7,34.74,34.73,34.73,34.71,34.7,34.7,34.7,34.81,34.91,34.9,34.9,34.89,34.89,34.8,34.86,34.7,34.7,34.7,34.7,34.7,34.7,,
WL,m,s752,0,2014,10,8,34.7,34.7,34.7,34.7,34.7,34.7,34.71,34.72,34.75,34.75,34.75,34.91,34.9,34.89,34.89,34.88,34.87,34.84,34.79,34.72,34.71,34.7,34.71,34.71,,
WL,m,s752,0,2014,10,9,34.7,34.7,34.7,34.7,34.71,34.71,34.71,34.72,34.73,34.75,34.74,34.74,34.75,34.74,34.73,34.72,34.71,34.7,34.7,34.7,34.7,34.7,34.7,34.7,,
WL,m,s752,0,2014,10,10,34.7,34.7,34.7,34.72,34.86,34.72,34.71,34.76,34.77,34.73,34.74,34.73,34.75,34.74,34.73,34.72,34.72,34.71,34.71,34.71,34.71,34.71,34.71,34.71,,
WL,m,s752,0,2014,10,11,34.71,34.71,34.71,34.71,34.71,34.72,34.72,34.72,34.73,34.73,34.74,34.75,34.75,34.74,34.73,34.73,34.72,34.73,34.72,34.72,34.72,34.72,34.71,34.71,,
WL,m,s752,0,2014,10,12,34.7,34.7,34.7,34.7,34.71,34.71,34.71,34.72,34.73,34.75,34.75,34.75,34.76,34.74,34.74,34.73,34.72,34.72,34.7,34.71,34.71,34.7,34.7,34.7,,
WL,m,s752,0,2014,10,13,34.71,34.71,34.71,34.71,34.72,34.72,34.73,34.73,34.74,34.74,34.74,34.76,34.75,34.74,34.74,34.73,34.72,34.72,34.72,34.71,34.71,34.71,34.71,34.7,,
WL,m,s752,0,2014,10,14,34.7,34.7,34.73,34.74,34.76,34.75,34.76,34.78,--,--,34.88,34.86,34.79,34.76,34.76,34.73,34.72,34.71,34.71,34.71,34.71,34.71,34.71,34.7,,
WL,m,s752,0,2014,10,15,34.71,34.7,34.7,34.71,34.71,34.75,34.75,34.71,34.72,34.72,34.73,34.75,34.75,34.73,34.72,34.71,34.71,34.7,34.7,34.7,34.7,34.7,34.7,34.7,,
WL,m,s752,0,2014,10,16,34.7,34.7,34.7,34.7,34.7,34.71,34.72,34.73,34.74,34.75,34.73,34.73,34.73,34.73,34.73,34.73,34.72,34.72,34.72,34.72,34.86,34.82,34.92,34.84,,
WL,m,s752,0,2014,10,17,34.85,35,35.19,35.19,35.05,34.93,35.08,34.92,--,34.89,34.87,34.85,34.82,34.84,34.8,--,34.79,34.78,34.77,34.76,34.76,34.76,34.75,34.75,,
WL,m,s752,0,2014,10,18,34.75,34.74,34.73,34.73,34.74,34.74,34.74,34.74,34.75,34.76,34.77,34.77,34.77,34.77,34.75,34.74,34.74,34.74,34.73,34.73,34.73,34.73,34.72,34.72,,
WL,m,s752,0,2014,10,19,34.72,34.72,34.73,34.73,34.72,34.76,34.74,34.73,34.74,34.75,34.75,34.76,34.76,34.75,34.73,34.72,34.72,34.72,34.72,34.72,34.72,34.72,34.72,34.72,,
WL,m,s752,0,2014,10,20,34.72,34.72,34.72,34.72,34.72,34.72,34.73,34.74,34.76,34.75,34.74,34.74,34.74,34.74,34.74,34.74,34.73,34.73,34.72,34.72,34.72,34.72,34.72,34.72,,
WL,m,s752,0,2014,10,21,34.71,34.71,34.71,34.71,34.71,34.71,34.71,34.71,34.71,34.7,34.7,34.7,34.7,34.7,34.71,34.71,34.7,34.71,34.7,34.7,34.7,34.7,34.71,34.7,,
WL,m,s752,0,2014,10,22,34.74,34.74,34.73,34.73,34.72,34.72,34.72,34.73,34.72,34.72,34.72,34.73,34.73,34.73,34.73,34.72,34.71,34.71,34.73,34.74,34.73,34.73,34.72,34.72,,
WL,m,s752,0,2014,10,23,34.72,34.72,34.72,34.72,34.72,34.72,34.72,34.73,34.71,34.72,34.72,34.73,34.74,34.73,34.72,34.72,34.71,34.71,34.71,34.71,34.71,34.71,34.72,34.73,,
WL,m,s752,0,2014,10,24,34.74,34.73,34.73,34.73,34.73,34.73,34.73,34.71,34.71,34.72,34.73,34.74,34.74,34.73,34.72,34.71,34.71,34.71,34.71,34.71,34.71,34.71,34.71,34.71,,
WL,m,s752,0,2014,10,25,34.71,34.71,34.72,34.72,34.72,34.72,34.73,34.73,34.73,34.74,34.74,34.73,34.73,34.73,34.73,34.72,34.72,34.71,34.71,34.71,34.71,34.71,34.71,34.71,,
WL,m,s752,0,2014,10,26,34.71,34.71,34.71,34.72,34.71,34.71,34.71,34.72,34.73,34.73,34.74,34.74,34.74,34.73,34.72,34.72,34.71,34.71,34.71,34.71,34.71,34.71,34.71,34.71,,
WL,m,s752,0,2014,10,27,34.71,34.71,34.71,34.72,34.71,34.71,34.74,34.74,34.77,34.73,34.72,34.76,34.8,34.75,34.73,34.72,34.71,34.71,34.71,34.72,34.71,34.71,34.74,34.74,,
WL,m,s752,0,2014,10,28,34.76,34.75,34.74,34.73,34.73,34.73,34.73,34.73,34.72,34.72,34.73,34.74,34.75,34.74,34.79,34.76,34.76,34.78,34.76,34.75,34.74,34.74,34.73,34.73,,
WL,m,s752,0,2014,10,29,34.73,34.73,34.73,34.74,34.73,34.71,34.71,34.72,34.72,34.73,34.73,34.75,34.75,34.74,34.75,34.74,34.72,34.72,34.71,34.72,34.72,34.71,34.71,34.7,,
WL,m,s752,0,2014,10,30,34.74,34.74,34.74,34.74,34.73,34.73,34.73,34.72,34.72,34.73,34.74,34.75,34.75,34.74,34.73,34.71,34.7,34.71,34.71,34.71,34.71,34.71,34.71,34.71,,
WL,m,s752,0,2014,10,31,34.71,34.71,34.71,34.71,34.72,34.72,34.72,34.73,34.75,34.75,34.75,34.74,34.75,34.74,34.73,34.73,34.72,34.71,34.71,34.71,34.72,34.71,34.71,34.71,,
WL,m,s752,0,2014,11,1,34.72,34.72,34.71,34.71,34.72,34.72,34.72,34.73,34.74,34.75,34.75,34.74,34.74,34.74,34.74,34.73,34.73,34.72,34.72,34.72,34.72,34.72,34.73,34.73,,
WL,m,s752,0,2014,11,2,34.73,34.73,34.73,34.73,34.73,34.73,34.73,34.76,34.8,34.81,34.77,34.76,34.75,34.75,34.75,34.74,34.74,34.73,34.73,34.73,34.73,34.73,34.75,34.8,,
WL,m,s752,0,2014,11,3,34.8,34.73,34.71,34.71,34.71,34.71,34.71,34.71,34.72,34.71,34.72,34.79,34.78,34.81,34.8,34.76,34.76,34.76,34.77,34.77,34.76,34.73,34.75,34.75,,
WL,m,s752,0,2014,11,4,34.74,34.73,34.74,34.74,34.74,34.74,34.73,34.75,34.76,34.74,34.75,34.77,34.77,34.76,34.73,34.71,34.71,34.71,34.71,34.71,34.72,34.72,34.71,34.72,,
WL,m,s752,0,2014,11,5,34.73,34.73,34.71,34.71,34.76,34.75,34.75,34.72,34.72,34.73,34.74,34.75,34.75,34.74,34.74,34.71,34.71,34.72,34.72,34.72,34.72,34.72,34.72,34.73,,
WL,m,s752,0,2014,11,6,34.73,34.73,34.72,34.72,34.72,34.72,34.73,34.74,34.75,34.75,34.75,34.75,34.74,34.74,34.73,34.73,34.72,34.72,34.72,34.71,34.77,34.76,34.71,34.71,,
WL,m,s752,0,2014,11,7,34.71,34.71,34.71,34.71,34.73,34.74,34.74,34.74,34.74,34.75,34.74,34.74,34.74,34.74,34.74,34.73,34.73,34.73,34.72,34.73,34.73,34.72,34.73,--,,
WL,m,s752,0,2014,11,8,34.73,34.74,34.73,34.7,34.71,34.76,34.74,34.73,34.71,34.73,34.74,34.75,34.74,34.74,34.73,34.71,34.71,34.71,34.72,34.72,34.72,34.73,34.73,34.73,,
WL,m,s752,0,2014,11,9,34.73,34.73,34.72,34.72,34.75,34.74,34.74,34.73,34.71,34.73,34.74,34.75,34.76,34.76,34.74,34.72,34.71,34.71,34.71,34.71,34.71,34.72,34.72,34.74,,
WL,m,s752,0,2014,11,10,34.94,34.95,34.85,34.76,34.75,34.79,34.81,34.78,34.76,34.75,34.75,34.75,34.81,34.83,34.78,34.75,34.73,34.72,34.72,34.71,34.72,34.71,34.72,34.76,,
WL,m,s752,0,2014,11,11,34.75,34.75,34.74,34.74,34.74,34.73,34.73,34.73,34.71,34.72,34.74,34.86,34.76,34.85,34.87,34.73,34.73,34.72,34.72,34.72,34.71,34.71,34.72,34.71,,
WL,m,s752,0,2014,11,12,34.71,34.76,34.74,34.74,34.75,34.74,34.74,34.71,34.72,34.73,34.74,34.76,34.76,34.75,34.74,34.72,34.72,35.07,35.06,34.88,34.84,34.81,34.78,34.77,,
WL,m,s752,0,2014,11,13,34.82,34.76,34.74,34.74,34.73,34.73,34.73,34.74,34.75,34.75,34.75,34.76,34.75,34.77,34.76,34.75,34.75,34.73,34.73,34.74,34.75,34.71,34.77,34.78,,
WL,m,s752,0,2014,11,14,34.77,34.78,34.78,34.78,34.77,34.78,34.76,34.76,34.75,34.76,34.77,34.76,34.76,34.76,34.76,34.76,34.76,34.76,34.76,34.76,34.75,34.75,34.75,34.75,,
WL,m,s752,0,2014,11,15,34.75,34.75,34.75,34.74,34.74,34.74,34.73,34.74,34.75,34.76,34.78,34.78,34.77,34.77,34.76,34.76,34.75,34.74,34.74,34.74,34.74,34.74,34.74,34.75,,
WL,m,s752,0,2014,11,16,34.75,34.75,34.75,34.75,34.75,34.75,34.75,34.75,34.75,34.76,34.77,34.77,34.74,34.77,34.77,34.76,34.76,34.75,34.74,34.74,34.74,34.73,34.72,34.72,,
WL,m,s752,0,2014,11,17,34.73,34.73,34.72,34.72,34.72,34.72,34.74,34.75,34.75,34.77,34.77,34.77,34.76,34.75,34.75,34.74,34.74,34.74,34.73,34.72,34.72,34.73,--,34.73,,
WL,m,s752,0,2014,11,18,34.72,34.72,34.72,34.73,34.73,34.74,34.73,34.73,34.74,34.75,34.76,34.76,34.76,34.77,34.76,34.76,34.76,34.75,34.75,34.73,34.73,34.74,34.74,34.74,,
WL,m,s752,0,2014,11,19,34.74,34.74,34.74,34.74,34.74,34.74,34.74,34.74,34.75,34.72,34.73,34.73,34.74,34.76,34.76,34.77,34.76,34.75,34.75,34.74,34.74,34.74,34.73,34.73,,
WL,m,s752,0,2014,11,20,34.72,34.73,34.73,34.72,34.72,34.73,34.74,34.74,34.75,34.71,34.72,34.74,34.75,34.76,34.75,34.74,34.76,34.75,34.75,34.74,34.74,34.73,34.73,34.73,,
WL,m,s752,0,2014,11,21,34.73,34.72,34.73,34.73,34.73,34.73,34.74,34.75,34.76,34.75,34.71,34.75,34.77,34.88,34.87,34.77,34.76,34.75,34.76,--,,,,,,
WL,m,s752,0,2014,11,22,34.72,34.72,34.72,34.74,34.74,34.76,34.75,34.75,34.75,34.75,34.76,34.76,34.75,34.79,34.76,34.74,34.72,34.72,34.72,34.72,34.75,34.74,34.74,34.72,,
WL,m,s752,0,2014,11,23,34.73,34.73,34.75,34.74,34.74,34.73,34.73,34.73,34.74,34.72,34.73,34.73,34.74,34.74,34.75,34.73,34.73,34.73,34.73,34.73,34.73,34.73,34.72,34.73,,
WL,m,s752,0,2014,11,24,34.72,34.73,34.74,34.74,34.74,34.74,34.74,34.74,34.75,34.75,34.72,34.73,34.74,34.74,34.74,34.73,34.73,34.73,34.75,34.74,34.77,34.75,34.75,34.74,,
WL,m,s752,0,2014,11,25,34.74,34.74,34.74,34.74,34.73,34.73,34.72,34.73,34.73,34.72,34.74,34.74,34.74,34.74,34.73,34.72,34.72,34.73,34.73,34.72,34.73,34.72,34.73,34.72,,
WL,m,s752,0,2014,11,26,34.72,34.73,34.72,34.73,34.73,34.73,34.73,34.73,34.74,34.75,34.72,34.73,34.73,34.74,34.73,34.72,--,34.74,34.73,34.73,34.73,34.73,34.74,34.74,,
WL,m,s752,0,2014,11,27,34.73,34.73,34.73,34.73,34.72,34.72,34.72,34.73,34.74,34.72,34.72,34.73,34.73,34.74,34.73,34.72,34.72,34.71,34.74,34.74,34.73,34.73,34.73,34.73,,
WL,m,s752,0,2014,11,28,34.73,34.73,34.74,34.74,34.74,34.73,34.73,34.74,34.71,--,34.73,34.74,34.74,34.74,34.73,34.72,34.72,34.71,34.71,34.72,34.75,34.74,34.74,34.74,,
WL,m,s752,0,2014,11,29,34.73,34.74,34.73,34.74,34.74,34.74,34.73,34.73,34.73,34.72,34.73,34.74,34.74,34.74,34.73,34.72,34.72,34.72,34.72,34.71,34.74,34.74,34.73,34.72,,
WL,m,s752,0,2014,11,30,34.72,34.72,34.72,34.71,34.71,34.72,34.71,34.73,34.74,34.74,34.71,34.73,34.74,34.74,34.73,34.72,34.72,34.72,34.72,34.73,34.73,34.74,34.74,34.73,,
WL,m,s752,0,2014,12,1,34.74,34.8,34.75,34.73,34.74,34.74,34.73,34.74,34.74,34.75,34.74,34.74,34.75,34.8,34.94,34.95,35,34.99,34.87,34.82,34.8,34.77,34.76,34.75,,
WL,m,s752,0,2014,12,2,34.74,34.74,34.76,34.75,34.75,34.74,34.74,34.73,34.74,34.74,34.74,34.74,34.74,34.73,34.73,34.73,34.72,34.73,34.72,34.73,34.73,34.73,34.74,34.73,,
WL,m,s752,0,2014,12,3,34.73,34.73,34.73,34.73,34.72,34.73,34.73,34.74,--,34.74,34.74,34.75,34.74,34.74,34.73,34.73,34.73,34.73,34.72,34.73,34.72,34.73,34.73,34.73,,
WL,m,s752,0,2014,12,4,34.72,34.72,34.72,34.72,34.72,34.76,34.73,34.73,34.74,34.74,34.75,34.74,34.74,34.75,34.73,34.72,34.72,34.72,34.72,34.72,34.72,34.72,34.73,34.73,,
WL,m,s752,0,2014,12,5,34.73,34.73,34.73,34.73,34.73,34.73,34.73,34.73,34.74,34.74,34.75,34.74,34.74,34.74,34.74,34.73,34.72,34.72,34.72,34.72,34.72,34.72,34.72,34.72,,
WL,m,s752,0,2014,12,6,34.73,34.73,34.73,34.72,34.73,34.74,34.73,34.73,34.74,34.74,34.74,34.74,34.75,34.74,34.73,34.73,34.72,34.72,34.72,34.71,34.72,34.73,34.73,34.73,,
WL,m,s752,0,2014,12,7,34.73,34.73,34.73,34.73,34.73,34.74,34.74,34.74,34.73,34.74,34.74,34.75,34.75,34.75,34.74,34.74,34.74,34.73,34.73,34.74,34.74,34.74,34.75,34.75,,
WL,m,s752,0,2014,12,8,34.74,34.74,34.74,34.74,34.74,34.75,34.74,34.75,34.75,--,34.76,34.76,34.76,34.76,34.75,34.75,34.73,34.74,34.73,34.73,34.74,34.74,34.74,34.73,,
WL,m,s752,0,2014,12,9,34.73,34.73,34.73,34.72,34.73,34.73,34.73,34.74,34.74,34.75,34.75,34.75,34.75,34.75,34.74,34.73,34.73,34.74,34.73,34.72,34.73,34.73,34.73,34.73,,
WL,m,s752,0,2014,12,10,34.75,34.73,34.73,34.74,34.74,34.74,34.75,34.75,34.75,--,34.75,34.75,34.75,34.74,34.74,34.73,34.73,34.73,34.74,34.72,34.73,34.74,34.73,34.75,,
WL,m,s752,0,2014,12,11,34.75,34.74,34.74,34.73,34.74,34.75,34.75,34.75,34.75,34.76,34.79,34.8,34.8,34.81,34.8,34.81,34.8,34.78,34.77,34.74,34.75,34.75,34.74,34.74,,
WL,m,s752,0,2014,12,12,34.74,34.74,34.73,34.73,34.73,34.73,34.72,34.73,34.73,34.75,34.75,34.75,34.75,34.75,34.75,34.74,34.74,34.74,34.74,34.72,34.73,34.73,34.73,34.73,,
WL,m,s752,0,2014,12,13,34.73,34.72,34.72,34.73,34.74,34.73,34.73,34.74,34.74,34.73,34.73,34.75,34.74,34.74,34.74,34.74,34.72,34.73,34.72,34.72,34.73,34.74,34.73,34.74,,
WL,m,s752,0,2014,12,14,34.74,34.74,34.73,34.74,34.73,34.73,34.73,34.73,34.74,34.75,34.74,34.73,34.75,34.75,34.75,34.74,34.73,34.73,34.73,34.71,34.73,34.74,34.73,34.73,,
WL,m,s752,0,2014,12,15,34.74,34.73,34.73,34.74,34.74,34.75,34.74,34.75,34.74,34.73,--,34.76,34.75,34.76,34.74,34.74,34.74,34.72,34.73,34.71,34.73,34.76,34.71,34.74,,
WL,m,s752,0,2014,12,16,34.72,34.72,34.75,34.74,34.72,34.73,34.74,34.76,34.77,34.78,34.78,34.79,34.79,34.77,34.79,34.75,34.78,34.78,34.78,34.8,34.74,34.78,34.81,34.76,,
WL,m,s752,0,2014,12,17,34.78,34.78,34.87,34.88,34.85,34.82,34.81,34.78,34.8,34.8,34.8,34.82,34.81,34.81,34.78,--,34.73,34.72,34.69,34.7,34.68,34.73,34.76,34.72,,
WL,m,s752,0,2014,12,18,34.71,34.77,34.81,34.8,34.8,34.78,34.77,34.8,34.81,34.82,34.82,34.77,34.77,34.77,34.75,34.74,34.73,34.74,34.73,34.73,34.71,34.72,34.7,34.73,,
WL,m,s752,0,2014,12,19,34.73,34.72,34.72,34.72,34.71,34.72,34.74,34.74,34.74,34.77,34.78,34.78,34.77,34.76,34.74,34.72,34.68,34.69,34.68,34.67,34.71,34.72,34.74,34.74,,
WL,m,s752,0,2014,12,20,34.73,34.73,34.73,34.73,34.73,34.73,34.74,34.74,34.76,34.8,34.8,34.78,34.77,34.7,34.72,34.78,34.79,34.79,34.79,34.79,34.79,34.78,34.79,34.79,,
WL,m,s752,0,2014,12,21,34.78,34.78,34.78,34.76,34.75,34.75,34.74,34.74,34.75,34.74,34.74,34.74,34.74,34.75,34.74,34.73,34.73,34.72,34.72,34.71,34.71,34.72,34.73,34.72,,
WL,m,s752,0,2014,12,22,34.73,34.71,34.73,34.73,34.73,34.71,34.71,34.73,34.74,34.75,34.75,34.74,34.74,34.74,34.74,34.73,34.73,34.72,34.72,34.72,34.71,34.72,34.71,34.71,,
WL,m,s752,0,2014,12,23,34.7,34.72,34.72,34.72,34.73,34.74,34.73,34.73,34.74,34.73,34.74,34.75,34.76,34.76,34.75,34.75,34.75,34.74,34.73,34.73,34.73,34.73,34.74,34.73,,
WL,m,s752,0,2014,12,24,34.73,34.73,34.74,34.73,34.73,34.73,34.73,34.73,34.74,34.76,34.78,34.77,34.76,34.76,34.74,34.73,34.73,34.73,34.73,34.73,34.73,34.72,34.71,34.71,,
WL,m,s752,0,2014,12,25,34.73,34.74,34.75,34.72,34.72,34.75,34.72,34.73,34.74,34.75,34.76,34.76,34.77,34.76,34.76,34.75,34.73,34.73,34.73,34.72,34.73,34.73,34.72,34.71,,
WL,m,s752,0,2014,12,26,34.72,34.73,34.74,34.73,34.73,34.74,34.72,34.75,--,34.75,34.76,34.76,--,34.77,34.75,34.74,34.74,34.74,34.72,34.72,34.72,34.71,34.74,34.72,,
WL,m,s752,0,2014,12,27,34.73,34.74,34.74,34.74,34.73,34.74,34.73,34.73,34.73,34.75,34.76,34.77,34.75,34.76,34.76,34.76,34.76,34.76,34.76,34.74,34.73,34.73,34.73,34.73,,
WL,m,s752,0,2014,12,28,34.73,34.73,34.74,34.74,34.75,34.75,34.74,34.73,34.75,34.79,34.81,34.78,34.78,34.77,34.76,34.73,34.68,34.67,34.7,34.67,34.68,34.69,34.7,34.72,,
WL,m,s752,0,2014,12,29,34.73,34.72,34.73,34.74,34.72,34.72,34.71,34.71,34.72,34.74,34.7,34.74,34.78,34.78,34.74,34.7,34.69,34.69,34.67,34.72,34.7,34.7,34.73,34.73,,
WL,m,s752,0,2014,12,30,34.73,34.73,34.72,34.72,34.73,34.73,34.73,34.72,--,34.74,34.78,34.78,34.79,34.76,34.72,34.67,34.67,34.65,34.7,34.71,34.71,34.73,34.72,34.71,,
WL,m,s752,0,2014,12,31,34.71,34.69,34.69,34.72,34.71,34.7,34.73,34.71,34.74,34.74,34.74,34.78,34.79,34.78,34.72,34.68,34.67,34.67,34.65,34.68,34.65,34.67,34.7,34.67,,
